{
  "dataset_info": {
    "총_행수": 1000,
    "총_열수": 10,
    "결측값_총개수": 50,
    "중복행_개수": 0
  },
  "numeric_summary": {
    "customer_id": {
      "count": 1000.0,
      "mean": 500.5,
      "std": 288.8194360957494,
      "min": 1.0,
      "25%": 250.75,
      "50%": 500.5,
      "75%": 750.25,
      "max": 1000.0
    },
    "age": {
      "count": 1000.0,
      "mean": 35.097,
      "std": 11.083430580530264,
      "min": 18.0,
      "25%": 27.0,
      "50%": 35.0,
      "75%": 42.0,
      "max": 80.0
    },
    "income": {
      "count": 950.0,
      "mean": 43103.36421052631,
      "std": 21900.309771422904,
      "min": 20000.0,
      "25%": 26826.25,
      "50%": 37528.5,
      "75%": 52425.5,
      "max": 179253.0
    },
    "spending_score": {
      "count": 1000.0,
      "mean": 28.76090405395528,
      "std": 15.97040702820017,
      "min": 0.5368084450143832,
      "25%": 16.622114021703172,
      "50%": 26.728386402938785,
      "75%": 39.40277906249966,
      "max": 81.33424050014514
    },
    "tenure_months": {
      "count": 1000.0,
      "mean": 22.222,
      "std": 22.62446866961924,
      "min": 0.0,
      "25%": 6.0,
      "50%": 15.0,
      "75%": 30.0,
      "max": 163.0
    },
    "num_purchases": {
      "count": 1000.0,
      "mean": 14.914,
      "std": 3.7473519512646054,
      "min": 4.0,
      "25%": 12.0,
      "50%": 15.0,
      "75%": 17.0,
      "max": 29.0
    },
    "is_churned": {
      "count": 1000.0,
      "mean": 0.193,
      "std": 0.394850486775573,
      "min": 0.0,
      "25%": 0.0,
      "50%": 0.0,
      "75%": 0.0,
      "max": 1.0
    }
  },
  "categorical_summary": {
    "category": {
      "Standard": 500,
      "Basic": 312,
      "Premium": 188
    },
    "region": {
      "East": 254,
      "North": 251,
      "South": 251,
      "West": 244
    }
  }
}